{
  "users": {
    "skick": {
      "password": "$2a$10$DuZ0ROd8iOpAqhBgcTtPwObLPUcExXAXDNJxNm5TPt4ZjW/ieuF.q",
      "storeId": "2e2ad346-28f4-3824-2ecb-08fb249b5d7a"
    }
  },
  "stores": {
    "2e2ad346-28f4-3824-2ecb-08fb249b5d7a": {
      "tables": [
        "d1e39591-ec53-a2d2-ec77-309fdf419b54",
        "a5cd4ea3-bbb3-cd4a-f23f-94e0437eb1b4",
        "87966373-c348-f089-4680-bfbc5f8d18d4"
      ],
      "items": {
        "e77c2982-4787-8176-7bb7-d4f40627b594": {
          "name": "Món 1",
          "description": "item.description",
          "available": true,
          "price": 40000
        },
        "9369057c-603d-b05c-d415-cb0d50c4b940": {
          "name": "Món 2",
          "description": "item.description",
          "available": true,
          "price": 50000
        }
      },
      "owner": "skick",
      "name": "Tên nhà hàng",
      "address": "Hanoi"
    }
  },
  "tables": {
    "d1e39591-ec53-a2d2-ec77-309fdf419b54": {
      "name": "Bàn 1",
      "store": "2e2ad346-28f4-3824-2ecb-08fb249b5d7a"
    },
    "a5cd4ea3-bbb3-cd4a-f23f-94e0437eb1b4": {
      "name": "Bàn 23",
      "store": "2e2ad346-28f4-3824-2ecb-08fb249b5d7a"
    },
    "87966373-c348-f089-4680-bfbc5f8d18d4": {
      "name": "Bàn 3",
      "store": "2e2ad346-28f4-3824-2ecb-08fb249b5d7a"
    }
  },
  "orders": {
    "2af788ae-5caf-cfec-2a1e-30d4d0bdba72": {
      "storeId": "2e2ad346-28f4-3824-2ecb-08fb249b5d7a",
      "tableId": "d1e39591-ec53-a2d2-ec77-309fdf419b54",
      "items": [
        {
          "id": "e77c2982-4787-8176-7bb7-d4f40627b594",
          "name": "Món 1",
          "description": "item.description",
          "available": true,
          "price": 40000,
          "image": "item.image",
          "status": 2,
          "quantity": 1
        },
        {
          "id": "9369057c-603d-b05c-d415-cb0d50c4b940",
          "name": "Món 2",
          "description": "item.description",
          "available": true,
          "price": 50000,
          "image": "item.image",
          "status": 1,
          "quantity": 2
        }
      ],
      "createdTime": 1661248683448
    },
    "4ead39e6-5e86-0182-c411-fa4c81e7986d": {
      "tableId": "a5cd4ea3-bbb3-cd4a-f23f-94e0437eb1b4",
      "items": [
        {
          "id": "e77c2982-4787-8176-7bb7-d4f40627b594",
          "quantity": 1,
          "status": 0
        },
        {
          "id": "9369057c-603d-b05c-d415-cb0d50c4b940",
          "quantity": 2,
          "status": 0
        }
      ],
      "createdTime": 1661485632908
    },
    "2e25f3e5-988c-4da9-6ff1-3aecc5139c00": {
      "tableId": "a5cd4ea3-bbb3-cd4a-f23f-94e0437eb1b4",
      "items": [
        {
          "id": "e77c2982-4787-8176-7bb7-d4f40627b594",
          "quantity": 3,
          "status": 0
        },
        {
          "id": "9369057c-603d-b05c-d415-cb0d50c4b940",
          "quantity": 4,
          "status": 0
        }
      ],
      "createdTime": 1661485882420
    },
    "2017fad5-654f-1baf-6ac9-ca0e463209a9": {
      "tableId": "a5cd4ea3-bbb3-cd4a-f23f-94e0437eb1b4",
      "items": [
        {
          "id": "e77c2982-4787-8176-7bb7-d4f40627b594",
          "quantity": 1,
          "status": 0
        },
        {
          "id": "9369057c-603d-b05c-d415-cb0d50c4b940",
          "quantity": 1,
          "status": 0
        }
      ],
      "createdTime": 1661485940811
    },
    "82f4d423-e918-ba03-e933-a9ba367d04e4": {
      "tableId": "a5cd4ea3-bbb3-cd4a-f23f-94e0437eb1b4",
      "items": [
        {
          "id": "e77c2982-4787-8176-7bb7-d4f40627b594",
          "quantity": 3,
          "status": 0
        },
        {
          "id": "9369057c-603d-b05c-d415-cb0d50c4b940",
          "quantity": 2,
          "status": 0
        }
      ],
      "createdTime": 1661486023738
    },
    "8e0cd361-dd3a-35eb-8d46-ea1980427c65": {
      "tableId": "a5cd4ea3-bbb3-cd4a-f23f-94e0437eb1b4",
      "items": [
        {
          "id": "e77c2982-4787-8176-7bb7-d4f40627b594",
          "quantity": 1,
          "status": 0
        },
        {
          "id": "9369057c-603d-b05c-d415-cb0d50c4b940",
          "quantity": 3,
          "status": 0
        }
      ],
      "createdTime": 1661486116797
    },
    "98b775c7-6bd7-1905-63a3-a08a229469a2": {
      "tableId": "a5cd4ea3-bbb3-cd4a-f23f-94e0437eb1b4",
      "items": [
        {
          "id": "e77c2982-4787-8176-7bb7-d4f40627b594",
          "quantity": 2,
          "status": 0
        },
        {
          "id": "9369057c-603d-b05c-d415-cb0d50c4b940",
          "quantity": 8,
          "status": 0
        }
      ],
      "createdTime": 1661486760934
    },
    "f6196ca4-7601-c6f8-aaf8-5e57e7b7a1a8": {
      "tableId": "a5cd4ea3-bbb3-cd4a-f23f-94e0437eb1b4",
      "items": [
        {
          "id": "e77c2982-4787-8176-7bb7-d4f40627b594",
          "quantity": 1,
          "status": 0
        },
        {
          "id": "9369057c-603d-b05c-d415-cb0d50c4b940",
          "quantity": 3,
          "status": 0
        }
      ],
      "createdTime": 1661486816911
    },
    "f2f9d661-36e9-c6b5-a07f-c9aa766a4fb6": {
      "tableId": "a5cd4ea3-bbb3-cd4a-f23f-94e0437eb1b4",
      "items": [
        {
          "id": "e77c2982-4787-8176-7bb7-d4f40627b594",
          "quantity": 1,
          "status": 0
        },
        {
          "id": "9369057c-603d-b05c-d415-cb0d50c4b940",
          "quantity": 9,
          "status": 0
        }
      ],
      "createdTime": 1661486900421
    },
    "082180c4-168d-a56d-1180-151c3c3342ba": {
      "tableId": "a5cd4ea3-bbb3-cd4a-f23f-94e0437eb1b4",
      "items": [
        {
          "id": "e77c2982-4787-8176-7bb7-d4f40627b594",
          "quantity": 1,
          "status": 0,
          "name": "Món 1",
          "description": "item.description",
          "available": true,
          "price": 40000
        },
        {
          "id": "9369057c-603d-b05c-d415-cb0d50c4b940",
          "quantity": 2,
          "status": 0,
          "name": "Món 2",
          "description": "item.description",
          "available": true,
          "price": 50000
        }
      ],
      "createdTime": 1661487013132
    },
    "7b8c0db0-8f82-ca4b-ce74-e48a7a146287": {
      "tableId": "a5cd4ea3-bbb3-cd4a-f23f-94e0437eb1b4",
      "items": [
        {
          "id": "e77c2982-4787-8176-7bb7-d4f40627b594",
          "quantity": 3,
          "name": "Món 1",
          "description": "item.description",
          "price": 40000,
          "status": 0
        },
        {
          "id": "9369057c-603d-b05c-d415-cb0d50c4b940",
          "quantity": 4,
          "name": "Món 2",
          "description": "item.description",
          "price": 50000,
          "status": 0
        }
      ],
      "createdTime": 1661487791581
    },
    "e991df01-43f4-0a6a-d4fd-3a9110c7bda7": {
      "tableId": "87966373-c348-f089-4680-bfbc5f8d18d4",
      "items": [
        {
          "id": "e77c2982-4787-8176-7bb7-d4f40627b594",
          "quantity": 3,
          "name": "Món 1",
          "description": "item.description",
          "price": 40000,
          "status": 0
        },
        {
          "id": "9369057c-603d-b05c-d415-cb0d50c4b940",
          "quantity": 1,
          "name": "Món 2",
          "description": "item.description",
          "price": 50000,
          "status": 0
        }
      ],
      "createdTime": 1661512476851
    },
    "ea23b587-c8d7-c9b3-dd41-c2f5e411a9dc": {
      "tableId": "87966373-c348-f089-4680-bfbc5f8d18d4",
      "items": [
        {
          "id": "e77c2982-4787-8176-7bb7-d4f40627b594",
          "quantity": 1,
          "name": "Món 1",
          "description": "item.description",
          "price": 40000,
          "status": 1
        },
        {
          "id": "9369057c-603d-b05c-d415-cb0d50c4b940",
          "quantity": 1,
          "name": "Món 2",
          "description": "item.description",
          "price": 50000,
          "status": 1
        }
      ],
      "createdTime": 1661512837183
    },
    "08383597-30b5-393f-9179-cb13725f9149": {
      "tableId": "87966373-c348-f089-4680-bfbc5f8d18d4",
      "items": [
        {
          "id": "e77c2982-4787-8176-7bb7-d4f40627b594",
          "quantity": 3,
          "name": "Món 1",
          "description": "item.description",
          "price": 40000,
          "status": 0
        }
      ],
      "createdTime": 1661522348494
    },
    "797d87a0-c1b2-85e3-f8f9-78b90e4898cc": {
      "tableId": "87966373-c348-f089-4680-bfbc5f8d18d4",
      "items": [],
      "createdTime": 1661522498260
    },
    "928a9266-084c-400a-4d24-1b44e8d8faa1": {
      "tableId": "87966373-c348-f089-4680-bfbc5f8d18d4",
      "items": [
        {
          "id": "e77c2982-4787-8176-7bb7-d4f40627b594",
          "quantity": 2,
          "name": "Món 1",
          "description": "item.description",
          "price": 40000,
          "status": 0
        }
      ],
      "createdTime": 1661523793326
    },
    "29aed9ca-d342-bab6-a503-b4859c3ce710": {
      "tableId": "87966373-c348-f089-4680-bfbc5f8d18d4",
      "items": [
        {
          "id": "e77c2982-4787-8176-7bb7-d4f40627b594",
          "quantity": 1,
          "name": "Món 1",
          "description": "item.description",
          "price": 40000,
          "status": 2
        }
      ],
      "createdTime": 1661523810079
    }
  }
}